transaction_id,event_timestamp,customer_email,ip_address,merchant_category,card_bin,transaction_amount,label
txn_000000,2026-06-28 04:50:00,user126@yahoo.com,36.52.44.152,electronics super store,404165,297.91,legit
txn_000001,2026-05-03 17:05:00,user14@aol.com,51.214.112.115,family owned restaurant,436463,96.9,legit
txn_000002,2026-05-01 14:11:00,user217@outlook.com,72.79.110.246,online retail store,413396,68.07,legit
txn_000003,2026-05-09 10:36:00,user177@aol.com,68.22.235.138,grocery store express,449615,146.8,legit
txn_000004,2026-05-08 04:08:00,user186@aol.com,50.35.23.170,gas station north,437930,332.61,legit
txn_000005,2026-05-08 06:18:00,user195@outlook.com,117.186.83.95,online retail store,427460,347.26,legit
txn_000006,2026-05-25 07:13:00,user37@aol.com,163.87.125.42,electronics super store,449735,275.0,legit
txn_000007,2026-05-25 13:42:00,user286@yahoo.com,176.166.28.59,grocery store express,441347,257.8,legit
txn_000008,2026-06-06 12:21:00,user291@outlook.com,55.255.202.227,downtown pharmacy shop,460142,88.34,legit
txn_000009,2026-05-14 00:06:00,user288@aol.com,68.219.204.93,gas station north,418131,102.42,legit
txn_000010,2026-06-16 09:04:00,user57@yahoo.com,161.81.216.153,grocery store express,450432,303.53,legit
txn_000011,2026-06-04 17:39:00,user129@aol.com,221.5.58.175,family owned restaurant,498419,189.88,legit
txn_000012,2026-05-25 06:53:00,user151@protonmail.com,41.232.1.245,downtown pharmacy shop,494329,139.37,legit
txn_000013,2026-05-24 23:22:00,user260@gmail.com,223.152.101.40,online retail store,499943,305.98,legit
txn_000014,2026-05-15 16:54:00,user272@gmail.com,154.165.250.5,grocery store express,447576,312.56,legit
txn_000015,2026-05-28 23:46:00,user291@gmail.com,22.248.35.251,family owned restaurant,416483,100.14,legit
txn_000016,2026-05-12 16:28:00,user85@outlook.com,136.216.108.238,family owned restaurant,498994,379.01,legit
txn_000017,2026-05-19 07:25:00,user192@protonmail.com,133.231.61.64,gas station north,408392,162.6,legit
txn_000018,2026-05-31 18:33:00,user113@gmail.com,19.30.117.18,grocery store express,443309,2750.98,fraud
txn_000019,2026-05-07 10:47:00,user249@yahoo.com,139.67.242.63,electronics super store,453354,115.0,legit
txn_000020,2026-05-18 07:57:00,user182@protonmail.com,106.239.27.173,downtown pharmacy shop,484696,265.3,legit
txn_000021,2026-05-09 22:59:00,user56@yahoo.com,50.97.229.36,electronics super store,424050,292.64,legit
txn_000022,2026-05-26 08:29:00,user39@protonmail.com,207.50.25.167,family owned restaurant,401934,350.42,legit
txn_000023,2026-05-09 11:44:00,user86@protonmail.com,125.246.109.222,electronics super store,407685,340.23,legit
txn_000024,2026-05-15 23:39:00,user136@protonmail.com,74.216.249.40,gas station north,438890,394.2,legit
txn_000025,2026-05-20 19:34:00,user278@gmail.com,192.160.29.13,family owned restaurant,462493,233.78,legit
txn_000026,2026-06-15 18:29:00,user30@aol.com,21.95.35.153,grocery store express,488501,214.79,legit
txn_000027,2026-05-22 09:48:00,user292@yahoo.com,149.20.41.108,downtown pharmacy shop,476503,376.93,legit
txn_000028,2026-06-21 10:45:00,user105@outlook.com,62.135.202.34,downtown pharmacy shop,484607,374.21,legit
txn_000029,2026-05-28 07:21:00,user38@gmail.com,118.51.37.138,gas station north,466307,371.96,legit
txn_000030,2026-05-25 03:20:00,user36@yahoo.com,95.145.80.113,family owned restaurant,492214,142.86,legit
txn_000031,2026-05-28 12:51:00,user271@gmail.com,171.153.53.241,gas station north,434664,394.96,legit
txn_000032,2026-05-11 12:09:00,user80@outlook.com,73.107.175.53,downtown pharmacy shop,483130,298.25,legit
txn_000033,2026-05-25 00:40:00,user27@gmail.com,163.216.141.12,grocery store express,443719,104.19,legit
txn_000034,2026-05-12 21:46:00,user227@aol.com,181.218.4.29,grocery store express,490573,108.47,legit
txn_000035,2026-05-14 13:36:00,user299@aol.com,38.220.65.11,online retail store,447795,334.67,legit
txn_000036,2026-05-04 15:09:00,user128@gmail.com,91.208.79.237,gas station north,421299,87.98,legit
txn_000037,2026-05-17 02:46:00,user171@protonmail.com,206.127.136.41,downtown pharmacy shop,414168,14.79,legit
txn_000038,2026-06-04 19:40:00,user114@yahoo.com,210.235.179.79,gas station north,429219,344.14,legit
txn_000039,2026-05-03 03:41:00,user143@gmail.com,198.142.179.165,family owned restaurant,452386,162.39,legit
txn_000040,2026-06-18 19:22:00,user134@yahoo.com,149.135.19.28,family owned restaurant,456959,15.9,legit
txn_000041,2026-06-01 11:09:00,user262@gmail.com,99.97.130.12,downtown pharmacy shop,457154,128.9,legit
txn_000042,2026-05-01 03:41:00,user101@outlook.com,111.35.169.160,online retail store,486951,323.57,legit
txn_000043,2026-05-12 08:14:00,user159@protonmail.com,84.206.151.142,gas station north,425144,123.63,legit
txn_000044,2026-06-08 06:28:00,user90@aol.com,146.154.207.141,grocery store express,439829,154.76,legit
txn_000045,2026-05-27 02:46:00,user165@protonmail.com,114.226.109.131,electronics super store,496463,315.37,legit
txn_000046,2026-05-16 10:41:00,user172@gmail.com,210.120.158.58,gas station north,419313,117.1,legit
txn_000047,2026-05-03 05:21:00,user38@protonmail.com,107.99.196.127,electronics super store,431979,3955.02,fraud
txn_000048,2026-05-14 10:22:00,user55@protonmail.com,57.90.237.13,family owned restaurant,432662,7.19,legit
txn_000049,2026-05-12 01:06:00,user272@aol.com,153.162.226.157,downtown pharmacy shop,466162,321.56,legit
txn_000050,2026-06-08 20:13:00,user82@protonmail.com,116.132.126.216,downtown pharmacy shop,436347,221.41,legit
txn_000051,2026-06-17 10:47:00,user226@gmail.com,183.146.120.70,online retail store,441904,99.5,legit
txn_000052,2026-06-19 03:58:00,user197@yahoo.com,181.109.32.107,electronics super store,443369,64.58,legit
txn_000053,2026-06-19 09:21:00,user216@protonmail.com,198.10.194.123,grocery store express,446105,29.59,legit
txn_000054,2026-05-28 04:19:00,user215@aol.com,192.112.249.57,online retail store,457125,342.11,legit
txn_000055,2026-06-14 04:54:00,user208@yahoo.com,216.239.65.252,family owned restaurant,470008,2141.16,fraud
txn_000056,2026-05-03 10:54:00,user14@gmail.com,165.219.69.222,electronics super store,423819,238.8,legit
txn_000057,2026-05-05 13:50:00,user233@outlook.com,87.194.142.193,electronics super store,433065,134.3,legit
txn_000058,2026-05-08 10:55:00,user27@outlook.com,58.35.20.194,grocery store express,432411,300.86,legit
txn_000059,2026-05-19 03:30:00,user123@yahoo.com,122.58.111.120,downtown pharmacy shop,433586,250.43,legit
txn_000060,2026-06-03 13:51:00,user59@yahoo.com,80.55.13.238,online retail store,475470,244.86,legit
txn_000061,2026-06-04 03:52:00,user39@aol.com,177.124.52.179,online retail store,489687,287.43,legit
txn_000062,2026-06-24 15:37:00,user290@gmail.com,89.219.189.18,family owned restaurant,484874,319.51,legit
txn_000063,2026-06-01 01:25:00,user251@gmail.com,111.185.235.182,gas station north,457080,2376.16,fraud
txn_000064,2026-05-17 00:46:00,user139@aol.com,207.247.238.112,downtown pharmacy shop,477656,386.36,legit
txn_000065,2026-05-25 10:19:00,user45@outlook.com,116.124.237.146,family owned restaurant,487580,101.97,legit
txn_000066,2026-06-04 11:54:00,user167@yahoo.com,125.108.181.205,online retail store,444608,200.25,legit
txn_000067,2026-05-26 10:55:00,user142@aol.com,3.97.43.62,downtown pharmacy shop,453271,281.97,legit
txn_000068,2026-06-14 11:18:00,user244@protonmail.com,115.8.47.76,gas station north,453005,99.93,legit
txn_000069,2026-05-23 03:30:00,user243@aol.com,136.176.217.191,family owned restaurant,443357,234.71,legit
txn_000070,2026-06-02 00:32:00,user129@yahoo.com,31.98.161.31,downtown pharmacy shop,470236,112.01,legit
txn_000071,2026-05-17 20:27:00,user142@aol.com,195.144.51.214,gas station north,438829,296.75,legit
txn_000072,2026-05-21 16:56:00,user274@yahoo.com,71.23.27.142,online retail store,491411,124.4,legit
txn_000073,2026-05-12 11:51:00,user53@gmail.com,147.145.240.123,electronics super store,444657,302.35,legit
txn_000074,2026-05-17 18:44:00,user245@gmail.com,211.33.205.126,grocery store express,475631,104.73,legit
txn_000075,2026-06-27 07:02:00,user289@outlook.com,22.127.60.143,electronics super store,479471,64.93,legit
txn_000076,2026-06-24 06:15:00,user268@protonmail.com,116.226.152.221,family owned restaurant,456207,94.15,legit
txn_000077,2026-05-28 19:06:00,user51@yahoo.com,161.108.135.170,grocery store express,420585,28.79,legit
txn_000078,2026-05-22 19:59:00,user2@protonmail.com,116.240.149.9,gas station north,437762,34.65,legit
txn_000079,2026-05-26 17:36:00,user120@outlook.com,202.101.217.30,family owned restaurant,429466,184.34,legit
txn_000080,2026-06-28 22:46:00,user73@gmail.com,16.84.157.153,downtown pharmacy shop,474607,109.92,legit
txn_000081,2026-05-27 06:28:00,user156@protonmail.com,70.252.224.21,family owned restaurant,405224,190.14,legit
txn_000082,2026-06-09 07:46:00,user14@gmail.com,59.10.137.148,grocery store express,499125,243.47,legit
txn_000083,2026-05-16 22:42:00,user143@yahoo.com,150.223.251.249,grocery store express,461605,262.35,legit
txn_000084,2026-06-01 16:07:00,user54@yahoo.com,85.210.253.74,downtown pharmacy shop,452488,131.82,legit
txn_000085,2026-06-20 01:42:00,user130@outlook.com,30.206.0.169,family owned restaurant,460552,1446.57,fraud
txn_000086,2026-06-07 14:45:00,user256@protonmail.com,195.26.104.69,family owned restaurant,417172,2651.63,fraud
txn_000087,2026-05-27 05:12:00,user63@gmail.com,162.122.81.80,family owned restaurant,401792,280.81,legit
txn_000088,2026-06-20 06:24:00,user59@protonmail.com,31.78.255.239,downtown pharmacy shop,438254,93.76,legit
txn_000089,2026-06-16 07:38:00,user248@protonmail.com,63.233.74.99,gas station north,478561,169.12,legit
txn_000090,2026-06-16 06:16:00,user36@outlook.com,198.212.174.240,family owned restaurant,435018,58.92,legit
txn_000091,2026-05-01 05:36:00,user297@protonmail.com,222.76.228.138,electronics super store,445236,122.93,legit
txn_000092,2026-05-31 06:13:00,user234@outlook.com,223.96.122.147,electronics super store,430613,219.65,legit
txn_000093,2026-06-07 09:21:00,user196@protonmail.com,170.77.253.247,grocery store express,416547,3285.17,fraud
txn_000094,2026-06-15 17:16:00,user52@protonmail.com,26.233.7.185,gas station north,453736,136.14,legit
txn_000095,2026-06-29 14:23:00,user136@outlook.com,160.203.41.219,online retail store,488389,34.56,legit
txn_000096,2026-06-18 13:42:00,user250@aol.com,10.35.120.162,downtown pharmacy shop,437667,130.08,legit
txn_000097,2026-05-21 16:57:00,user51@gmail.com,114.85.153.232,grocery store express,406028,176.42,legit
txn_000098,2026-05-30 12:36:00,user192@protonmail.com,38.125.210.145,downtown pharmacy shop,423600,120.88,legit
txn_000099,2026-05-16 11:20:00,user196@aol.com,175.123.254.234,family owned restaurant,418758,245.75,legit
txn_000100,2026-05-22 03:13:00,user131@gmail.com,206.238.147.174,family owned restaurant,420706,105.32,legit
txn_000101,2026-05-07 17:21:00,user154@protonmail.com,177.128.233.217,online retail store,426111,141.5,legit
txn_000102,2026-06-05 00:22:00,user196@aol.com,92.151.151.6,downtown pharmacy shop,451879,47.13,legit
txn_000103,2026-05-25 23:36:00,user26@aol.com,191.254.146.199,gas station north,479569,3622.19,fraud
txn_000104,2026-06-02 01:39:00,user129@yahoo.com,161.49.20.80,electronics super store,404373,80.1,legit
txn_000105,2026-06-22 18:05:00,user152@outlook.com,192.212.89.52,gas station north,470701,56.91,legit
txn_000106,2026-06-03 07:13:00,user85@outlook.com,212.246.151.192,online retail store,415095,365.83,legit
txn_000107,2026-06-12 15:05:00,user116@protonmail.com,217.187.46.203,electronics super store,401824,60.6,legit
txn_000108,2026-05-25 01:43:00,user135@aol.com,98.190.55.173,gas station north,461797,184.64,legit
txn_000109,2026-05-03 06:40:00,user168@aol.com,57.32.237.233,downtown pharmacy shop,439608,377.55,legit
txn_000110,2026-06-29 02:17:00,user20@outlook.com,127.59.49.61,family owned restaurant,417781,60.21,legit
txn_000111,2026-06-05 09:00:00,user277@protonmail.com,151.79.212.168,grocery store express,464139,269.84,legit
txn_000112,2026-06-26 00:54:00,user17@outlook.com,56.227.227.244,gas station north,447537,380.85,legit
txn_000113,2026-05-10 01:02:00,user184@gmail.com,102.141.97.248,grocery store express,459600,150.1,legit
txn_000114,2026-05-09 08:15:00,user11@gmail.com,202.170.124.254,gas station north,474000,258.47,legit
txn_000115,2026-05-19 16:16:00,user107@aol.com,56.119.168.199,gas station north,478116,307.24,legit
txn_000116,2026-05-01 06:11:00,user67@aol.com,65.89.56.170,grocery store express,417275,393.69,legit
txn_000117,2026-05-02 08:27:00,user166@gmail.com,45.135.26.33,downtown pharmacy shop,455176,316.43,legit
txn_000118,2026-06-17 21:15:00,user230@outlook.com,132.55.231.129,gas station north,480623,30.11,legit
txn_000119,2026-05-04 22:43:00,user267@outlook.com,118.15.31.123,electronics super store,455872,363.96,legit
txn_000120,2026-05-10 19:50:00,user38@gmail.com,83.75.33.33,online retail store,481830,364.33,legit
txn_000121,2026-06-27 14:58:00,user196@aol.com,136.150.232.130,family owned restaurant,456387,286.3,legit
txn_000122,2026-05-10 00:39:00,user283@yahoo.com,111.231.116.106,online retail store,459441,50.19,legit
txn_000123,2026-06-06 07:02:00,user219@outlook.com,171.130.191.245,gas station north,490023,42.56,legit
txn_000124,2026-06-13 04:03:00,user48@protonmail.com,25.190.66.143,grocery store express,476869,333.55,legit
txn_000125,2026-06-21 02:48:00,user211@outlook.com,171.216.26.248,online retail store,478696,269.66,legit
txn_000126,2026-05-29 10:33:00,user109@yahoo.com,169.246.114.217,grocery store express,445890,233.28,legit
txn_000127,2026-06-20 15:10:00,user294@yahoo.com,207.219.13.156,downtown pharmacy shop,490894,306.23,legit
txn_000128,2026-05-25 08:14:00,user159@outlook.com,90.3.92.223,gas station north,474228,1965.16,fraud
txn_000129,2026-06-29 19:59:00,user16@gmail.com,192.110.192.108,electronics super store,444681,61.04,legit
txn_000130,2026-05-15 07:51:00,user291@aol.com,22.26.79.41,family owned restaurant,406522,290.03,legit
txn_000131,2026-05-08 10:13:00,user249@aol.com,114.212.139.56,family owned restaurant,414918,266.47,legit
txn_000132,2026-06-01 10:02:00,user250@aol.com,171.157.23.57,electronics super store,478554,116.88,legit
txn_000133,2026-05-05 23:40:00,user109@yahoo.com,196.130.148.84,grocery store express,401013,2043.97,fraud
txn_000134,2026-06-15 06:33:00,user195@aol.com,181.117.181.19,electronics super store,497260,74.4,legit
txn_000135,2026-05-04 20:24:00,user40@outlook.com,148.219.207.182,downtown pharmacy shop,454747,186.6,legit
txn_000136,2026-05-27 08:27:00,user167@yahoo.com,206.235.185.23,electronics super store,413875,13.24,legit
txn_000137,2026-05-23 03:31:00,user41@protonmail.com,223.158.173.57,online retail store,422037,163.18,legit
txn_000138,2026-05-07 22:51:00,user262@yahoo.com,199.178.179.187,downtown pharmacy shop,419358,50.04,legit
txn_000139,2026-05-22 12:08:00,user89@aol.com,40.38.90.244,downtown pharmacy shop,464764,106.11,legit
txn_000140,2026-06-12 05:31:00,user230@aol.com,165.165.161.39,electronics super store,408950,305.15,legit
txn_000141,2026-06-12 16:22:00,user141@aol.com,15.180.37.80,electronics super store,459233,124.61,legit
txn_000142,2026-05-04 10:09:00,user40@gmail.com,158.196.236.149,family owned restaurant,496851,3528.75,fraud
txn_000143,2026-05-04 17:36:00,user97@outlook.com,155.243.77.246,grocery store express,459050,324.88,legit
txn_000144,2026-05-10 10:06:00,user44@aol.com,166.88.20.64,downtown pharmacy shop,457377,335.76,legit
txn_000145,2026-06-09 23:55:00,user187@outlook.com,73.198.209.199,online retail store,488984,245.87,legit
txn_000146,2026-06-24 10:06:00,user172@gmail.com,85.48.197.73,online retail store,494861,2966.48,fraud
txn_000147,2026-06-29 18:17:00,user77@outlook.com,21.72.179.80,downtown pharmacy shop,491551,243.07,legit
txn_000148,2026-06-05 16:14:00,user44@outlook.com,144.192.168.209,gas station north,487833,284.99,legit
txn_000149,2026-06-17 21:55:00,user261@outlook.com,5.185.158.47,gas station north,444791,269.83,legit
txn_000150,2026-06-14 06:16:00,user80@gmail.com,76.51.19.170,online retail store,481006,399.99,legit
txn_000151,2026-05-12 22:16:00,user93@aol.com,208.84.224.12,electronics super store,447749,65.93,legit
txn_000152,2026-05-22 14:53:00,user230@yahoo.com,137.122.158.248,electronics super store,425430,246.19,legit
txn_000153,2026-06-03 11:33:00,user226@protonmail.com,197.144.195.129,family owned restaurant,454874,230.32,legit
txn_000154,2026-05-15 18:01:00,user71@outlook.com,14.246.190.142,grocery store express,493244,321.5,legit
txn_000155,2026-06-16 23:01:00,user83@outlook.com,116.75.223.24,gas station north,459130,117.6,legit
txn_000156,2026-06-01 19:40:00,user203@aol.com,96.120.197.21,online retail store,429430,168.88,legit
txn_000157,2026-05-03 13:34:00,user172@yahoo.com,36.19.146.235,electronics super store,491235,44.14,legit
txn_000158,2026-05-13 15:11:00,user3@gmail.com,5.131.110.214,gas station north,471932,190.3,legit
txn_000159,2026-06-25 10:07:00,user148@yahoo.com,78.62.24.62,electronics super store,483748,48.92,legit
txn_000160,2026-06-26 16:33:00,user256@aol.com,138.8.123.184,gas station north,438177,48.79,legit
txn_000161,2026-06-09 01:41:00,user293@protonmail.com,48.43.184.18,family owned restaurant,471313,2187.88,fraud
txn_000162,2026-06-16 04:16:00,user11@protonmail.com,121.22.198.252,online retail store,433246,205.51,legit
txn_000163,2026-05-02 11:28:00,user124@gmail.com,198.170.68.12,online retail store,471567,31.69,legit
txn_000164,2026-05-31 19:34:00,user238@protonmail.com,162.93.69.17,downtown pharmacy shop,459988,74.16,legit
txn_000165,2026-05-04 08:47:00,user103@gmail.com,81.158.203.254,family owned restaurant,462049,22.3,legit
txn_000166,2026-05-24 01:22:00,user147@outlook.com,221.24.169.70,grocery store express,448237,3011.32,fraud
txn_000167,2026-06-09 18:32:00,user198@outlook.com,48.254.254.95,family owned restaurant,434959,298.61,legit
txn_000168,2026-05-08 12:28:00,user93@aol.com,76.164.52.21,online retail store,486628,36.18,legit
txn_000169,2026-05-27 21:50:00,user219@yahoo.com,177.227.179.115,grocery store express,495265,243.04,legit
txn_000170,2026-06-02 02:10:00,user30@gmail.com,172.207.186.132,downtown pharmacy shop,489051,176.8,legit
txn_000171,2026-05-15 13:29:00,user225@gmail.com,33.34.120.200,downtown pharmacy shop,448015,61.4,legit
txn_000172,2026-06-02 23:07:00,user79@protonmail.com,95.190.227.196,grocery store express,475225,229.06,legit
txn_000173,2026-05-13 12:47:00,user143@yahoo.com,30.13.95.128,family owned restaurant,450723,162.22,legit
txn_000174,2026-06-21 02:59:00,user229@yahoo.com,157.146.251.52,grocery store express,417790,311.11,legit
txn_000175,2026-05-07 17:46:00,user228@gmail.com,208.163.177.182,grocery store express,472089,359.98,legit
txn_000176,2026-06-19 08:23:00,user81@yahoo.com,204.185.114.32,gas station north,418202,123.48,legit
txn_000177,2026-05-22 13:09:00,user284@aol.com,95.239.66.157,grocery store express,408617,15.38,legit
txn_000178,2026-05-29 03:39:00,user246@aol.com,106.209.37.33,online retail store,484192,288.19,legit
txn_000179,2026-05-07 18:00:00,user177@yahoo.com,213.93.66.111,family owned restaurant,407263,273.64,legit
txn_000180,2026-05-12 07:14:00,user83@outlook.com,182.115.177.243,family owned restaurant,437230,125.13,legit
txn_000181,2026-05-08 04:16:00,user283@outlook.com,33.155.47.129,downtown pharmacy shop,422103,255.85,legit
txn_000182,2026-06-23 20:49:00,user173@aol.com,11.14.41.12,downtown pharmacy shop,475598,65.91,legit
txn_000183,2026-05-25 02:08:00,user214@aol.com,164.15.254.228,downtown pharmacy shop,471509,307.95,legit
txn_000184,2026-05-27 08:47:00,user126@protonmail.com,77.232.37.177,grocery store express,420719,124.33,legit
txn_000185,2026-06-10 00:19:00,user175@aol.com,37.160.163.188,online retail store,452260,188.45,legit
txn_000186,2026-05-12 21:39:00,user55@outlook.com,62.238.62.69,electronics super store,432495,208.42,legit
txn_000187,2026-05-13 19:45:00,user197@aol.com,108.127.81.209,online retail store,475718,119.63,legit
txn_000188,2026-05-29 11:08:00,user264@protonmail.com,128.157.254.6,grocery store express,451543,67.94,legit
txn_000189,2026-06-16 00:09:00,user299@outlook.com,13.25.144.127,family owned restaurant,485755,100.09,legit
txn_000190,2026-06-12 20:00:00,user56@protonmail.com,35.135.187.196,electronics super store,447964,8.23,legit
txn_000191,2026-05-05 02:50:00,user100@outlook.com,142.147.37.99,family owned restaurant,459028,230.26,legit
txn_000192,2026-06-20 01:10:00,user61@yahoo.com,25.201.191.204,online retail store,473116,395.69,legit
txn_000193,2026-06-03 06:40:00,user261@protonmail.com,129.20.23.10,gas station north,493531,83.63,legit
txn_000194,2026-05-31 07:32:00,user77@aol.com,132.71.167.239,family owned restaurant,441750,210.14,legit
txn_000195,2026-05-15 18:59:00,user154@aol.com,87.250.153.122,grocery store express,448281,248.52,legit
txn_000196,2026-05-31 03:36:00,user299@outlook.com,204.13.242.68,downtown pharmacy shop,475821,392.06,legit
txn_000197,2026-06-22 13:51:00,user246@yahoo.com,135.194.75.211,downtown pharmacy shop,431745,25.29,legit
txn_000198,2026-05-03 20:58:00,user98@gmail.com,113.160.214.39,electronics super store,490505,281.71,legit
txn_000199,2026-05-19 13:24:00,user242@gmail.com,181.70.106.144,online retail store,486799,311.11,legit
txn_000200,2026-06-13 13:01:00,user89@protonmail.com,137.175.181.174,downtown pharmacy shop,489226,128.93,legit
txn_000201,2026-06-28 13:19:00,user248@yahoo.com,64.142.152.58,online retail store,437880,109.42,legit
txn_000202,2026-05-19 20:48:00,user246@outlook.com,144.140.147.32,family owned restaurant,488686,198.16,legit
txn_000203,2026-06-19 10:37:00,user177@yahoo.com,75.21.147.245,downtown pharmacy shop,410358,392.16,legit
txn_000204,2026-06-01 12:38:00,user246@yahoo.com,52.138.139.36,grocery store express,480698,264.11,legit
txn_000205,2026-06-23 09:57:00,user272@yahoo.com,164.119.26.26,electronics super store,443292,25.05,legit
txn_000206,2026-06-12 23:58:00,user3@aol.com,41.208.243.123,downtown pharmacy shop,426143,309.45,legit
txn_000207,2026-05-27 03:29:00,user46@aol.com,60.19.89.107,gas station north,404763,260.13,legit
txn_000208,2026-06-06 03:14:00,user149@gmail.com,3.152.54.238,online retail store,437298,78.59,legit
txn_000209,2026-06-11 08:32:00,user253@yahoo.com,218.239.139.50,grocery store express,443343,219.6,legit
txn_000210,2026-05-15 18:58:00,user96@gmail.com,189.172.151.146,downtown pharmacy shop,499258,261.07,legit
txn_000211,2026-05-18 13:58:00,user208@protonmail.com,132.167.44.103,downtown pharmacy shop,412502,343.18,legit
txn_000212,2026-05-17 19:39:00,user128@gmail.com,67.196.120.115,online retail store,443204,193.59,legit
txn_000213,2026-05-28 11:36:00,user134@outlook.com,178.120.31.171,grocery store express,461000,231.29,legit
txn_000214,2026-05-28 22:13:00,user160@gmail.com,164.151.188.158,gas station north,428721,276.0,legit
txn_000215,2026-05-13 03:47:00,user192@protonmail.com,180.241.111.196,gas station north,489173,184.72,legit
txn_000216,2026-06-24 05:34:00,user229@aol.com,181.185.39.235,family owned restaurant,414707,37.34,legit
txn_000217,2026-05-06 14:54:00,user104@aol.com,138.76.84.84,family owned restaurant,457912,361.64,legit
txn_000218,2026-05-11 13:55:00,user251@gmail.com,131.228.28.117,gas station north,467272,288.18,legit
txn_000219,2026-06-07 19:30:00,user237@outlook.com,186.11.202.66,grocery store express,497754,27.81,legit
txn_000220,2026-05-20 20:00:00,user177@gmail.com,139.30.35.253,electronics super store,404159,22.89,legit
txn_000221,2026-05-27 03:09:00,user216@outlook.com,98.229.193.97,grocery store express,489486,308.74,legit
txn_000222,2026-06-19 02:07:00,user61@yahoo.com,138.201.65.187,gas station north,400455,344.81,legit
txn_000223,2026-05-03 01:39:00,user279@protonmail.com,137.194.117.64,electronics super store,445371,187.89,legit
txn_000224,2026-05-15 02:52:00,user58@gmail.com,208.214.8.62,gas station north,408819,375.28,legit
txn_000225,2026-05-10 04:24:00,user25@yahoo.com,190.22.205.113,gas station north,470747,181.34,legit
txn_000226,2026-05-20 18:37:00,user72@aol.com,75.119.163.148,family owned restaurant,488150,311.55,legit
txn_000227,2026-05-30 04:30:00,user267@yahoo.com,106.153.140.16,family owned restaurant,477550,351.12,legit
txn_000228,2026-05-16 22:35:00,user254@gmail.com,89.195.163.179,electronics super store,453511,173.74,legit
txn_000229,2026-05-14 13:58:00,user276@protonmail.com,62.115.153.220,downtown pharmacy shop,418920,77.63,legit
txn_000230,2026-06-12 03:29:00,user214@aol.com,136.68.198.63,online retail store,426651,227.14,legit
txn_000231,2026-05-31 01:28:00,user190@gmail.com,138.97.26.69,electronics super store,488299,369.28,legit
txn_000232,2026-06-25 01:34:00,user97@aol.com,186.111.245.54,online retail store,439739,350.08,legit
txn_000233,2026-05-02 09:29:00,user61@protonmail.com,63.104.203.235,gas station north,472362,80.06,legit
txn_000234,2026-05-30 06:34:00,user274@outlook.com,79.133.184.132,electronics super store,461080,155.36,legit
txn_000235,2026-05-09 23:24:00,user164@yahoo.com,95.160.211.12,family owned restaurant,429002,290.35,legit
txn_000236,2026-05-14 06:46:00,user300@aol.com,185.213.151.40,gas station north,443236,2749.27,fraud
txn_000237,2026-05-21 22:29:00,user256@aol.com,168.172.131.196,electronics super store,494838,334.18,legit
txn_000238,2026-06-28 09:48:00,user181@yahoo.com,36.250.94.235,family owned restaurant,484123,187.03,legit
txn_000239,2026-05-06 08:18:00,user39@gmail.com,196.3.211.36,downtown pharmacy shop,430334,336.43,legit
txn_000240,2026-05-07 04:28:00,user259@protonmail.com,96.30.247.169,electronics super store,402061,8.61,legit
txn_000241,2026-05-01 14:26:00,user9@aol.com,185.140.146.5,family owned restaurant,491469,167.48,legit
txn_000242,2026-06-09 04:36:00,user55@gmail.com,135.76.123.50,family owned restaurant,469003,364.36,legit
txn_000243,2026-05-23 23:24:00,user204@gmail.com,96.207.235.145,gas station north,491388,110.59,legit
txn_000244,2026-05-21 13:23:00,user42@gmail.com,24.207.194.97,family owned restaurant,462390,332.08,legit
txn_000245,2026-05-06 02:35:00,user43@protonmail.com,217.222.169.145,grocery store express,469226,282.62,legit
txn_000246,2026-05-04 20:57:00,user291@protonmail.com,70.23.38.176,online retail store,471176,361.0,legit
txn_000247,2026-06-21 07:00:00,user162@gmail.com,54.73.203.238,grocery store express,439226,75.85,legit
txn_000248,2026-05-15 18:52:00,user200@aol.com,85.196.71.203,downtown pharmacy shop,494917,228.84,legit
txn_000249,2026-05-08 03:19:00,user28@gmail.com,112.118.38.88,family owned restaurant,480460,389.86,legit
txn_000250,2026-06-24 05:07:00,user16@outlook.com,201.230.251.59,online retail store,472487,310.55,legit
txn_000251,2026-06-04 04:07:00,user195@gmail.com,198.151.126.183,grocery store express,410752,273.48,legit
txn_000252,2026-05-25 09:23:00,user79@protonmail.com,82.184.54.24,grocery store express,440405,286.11,legit
txn_000253,2026-06-10 11:32:00,user68@gmail.com,48.220.229.143,family owned restaurant,467166,111.56,legit
txn_000254,2026-06-07 03:23:00,user284@gmail.com,153.166.197.4,online retail store,454238,40.4,legit
txn_000255,2026-06-05 07:09:00,user287@yahoo.com,147.86.194.44,gas station north,435247,291.31,legit
txn_000256,2026-05-28 09:49:00,user86@protonmail.com,71.215.153.124,grocery store express,447333,62.64,legit
txn_000257,2026-05-23 21:50:00,user254@aol.com,158.100.234.28,gas station north,439932,289.76,legit
txn_000258,2026-05-01 14:47:00,user195@outlook.com,113.171.220.209,downtown pharmacy shop,477908,136.23,legit
txn_000259,2026-05-13 09:22:00,user103@protonmail.com,81.90.203.248,online retail store,438200,243.27,legit
txn_000260,2026-06-27 14:35:00,user125@outlook.com,97.143.201.94,grocery store express,473905,232.47,legit
txn_000261,2026-05-19 04:28:00,user282@gmail.com,187.236.107.113,online retail store,490811,220.52,legit
txn_000262,2026-05-07 07:04:00,user210@protonmail.com,36.155.123.65,downtown pharmacy shop,420203,319.28,legit
txn_000263,2026-06-08 12:20:00,user246@aol.com,103.214.18.203,online retail store,491964,34.22,legit
txn_000264,2026-06-18 20:53:00,user56@yahoo.com,169.181.85.166,family owned restaurant,405806,366.19,legit
txn_000265,2026-06-21 06:22:00,user205@outlook.com,204.220.54.3,grocery store express,433913,272.6,legit
txn_000266,2026-05-21 04:58:00,user298@aol.com,57.228.191.101,electronics super store,489070,209.93,legit
txn_000267,2026-06-23 13:47:00,user13@protonmail.com,27.151.212.236,grocery store express,415213,64.54,legit
txn_000268,2026-05-13 21:29:00,user106@aol.com,124.178.243.25,electronics super store,494633,140.51,legit
txn_000269,2026-06-11 04:23:00,user59@gmail.com,218.175.55.174,gas station north,497057,123.6,legit
txn_000270,2026-05-23 04:50:00,user170@aol.com,110.236.118.205,electronics super store,482543,223.0,legit
txn_000271,2026-05-17 18:56:00,user203@gmail.com,189.101.230.152,electronics super store,450965,264.64,legit
txn_000272,2026-05-01 09:43:00,user33@aol.com,27.95.187.84,gas station north,459972,86.28,legit
txn_000273,2026-05-11 08:56:00,user271@outlook.com,153.198.200.151,grocery store express,445603,345.74,legit
txn_000274,2026-06-02 00:55:00,user153@aol.com,152.43.68.81,grocery store express,431270,248.86,legit
txn_000275,2026-05-28 19:06:00,user73@aol.com,100.214.70.148,electronics super store,455448,152.46,legit
txn_000276,2026-05-17 21:47:00,user89@aol.com,43.250.147.36,gas station north,441232,217.26,legit
txn_000277,2026-06-11 01:13:00,user5@protonmail.com,35.99.196.247,family owned restaurant,466248,346.88,legit
txn_000278,2026-06-29 10:39:00,user213@protonmail.com,126.85.42.145,grocery store express,499753,275.46,legit
txn_000279,2026-05-21 01:45:00,user276@outlook.com,44.234.253.141,family owned restaurant,414838,113.57,legit
txn_000280,2026-06-22 03:06:00,user188@aol.com,211.21.225.140,gas station north,455725,311.17,legit
txn_000281,2026-05-10 07:43:00,user127@outlook.com,9.230.134.90,grocery store express,457549,263.2,legit
txn_000282,2026-05-11 16:26:00,user180@aol.com,162.219.84.158,gas station north,427082,98.59,legit
txn_000283,2026-05-19 20:04:00,user273@outlook.com,153.86.165.251,downtown pharmacy shop,438356,230.18,legit
txn_000284,2026-05-27 08:03:00,user264@gmail.com,35.210.30.71,downtown pharmacy shop,416631,381.2,legit
txn_000285,2026-05-13 01:52:00,user127@protonmail.com,126.72.137.161,electronics super store,449174,286.0,legit
txn_000286,2026-06-11 03:23:00,user48@protonmail.com,132.142.188.117,electronics super store,442898,318.87,legit
txn_000287,2026-06-22 23:18:00,user48@protonmail.com,163.183.32.204,family owned restaurant,452129,3367.58,fraud
txn_000288,2026-05-20 19:51:00,user254@outlook.com,83.145.172.141,family owned restaurant,417117,330.81,legit
txn_000289,2026-06-21 12:45:00,user25@gmail.com,26.235.8.32,gas station north,457840,316.38,legit
txn_000290,2026-06-11 13:16:00,user104@yahoo.com,167.154.81.224,online retail store,412234,3882.49,fraud
txn_000291,2026-06-29 13:58:00,user85@gmail.com,102.156.119.110,downtown pharmacy shop,411953,37.56,legit
txn_000292,2026-05-09 15:55:00,user68@aol.com,58.227.4.3,downtown pharmacy shop,445032,2535.06,fraud
txn_000293,2026-05-11 23:26:00,user68@protonmail.com,19.117.196.23,downtown pharmacy shop,413425,171.81,legit
txn_000294,2026-05-10 09:26:00,user71@protonmail.com,199.68.73.18,family owned restaurant,473831,352.99,legit
txn_000295,2026-05-01 18:30:00,user180@yahoo.com,161.77.210.158,downtown pharmacy shop,457984,69.83,legit
txn_000296,2026-05-20 18:34:00,user64@aol.com,187.196.179.247,electronics super store,441222,44.68,legit
txn_000297,2026-05-13 17:27:00,user128@aol.com,154.145.13.218,downtown pharmacy shop,439537,259.63,legit
txn_000298,2026-05-19 16:48:00,user201@outlook.com,166.27.122.127,electronics super store,414777,206.26,legit
txn_000299,2026-05-22 22:39:00,user271@gmail.com,93.162.67.100,family owned restaurant,455163,239.6,legit
txn_000300,2026-06-03 06:15:00,user242@gmail.com,5.34.7.68,gas station north,405220,73.24,legit
txn_000301,2026-05-06 12:05:00,user147@aol.com,197.212.216.180,electronics super store,410803,162.2,legit
txn_000302,2026-06-28 07:16:00,user143@gmail.com,80.40.104.250,gas station north,470305,248.34,legit
txn_000303,2026-05-30 17:47:00,user34@outlook.com,179.223.122.15,gas station north,411300,255.55,legit
txn_000304,2026-06-09 13:08:00,user29@outlook.com,171.89.61.4,downtown pharmacy shop,417984,246.86,legit
txn_000305,2026-05-02 00:47:00,user268@aol.com,201.132.85.96,gas station north,498274,381.44,legit
txn_000306,2026-05-25 11:07:00,user16@outlook.com,207.219.139.135,grocery store express,434465,51.63,legit
txn_000307,2026-06-22 11:42:00,user262@outlook.com,15.255.85.95,gas station north,433438,200.98,legit
txn_000308,2026-05-10 08:47:00,user60@yahoo.com,190.1.22.220,grocery store express,432053,271.28,legit
txn_000309,2026-05-05 04:26:00,user77@yahoo.com,220.18.214.58,online retail store,432540,156.28,legit
txn_000310,2026-06-07 21:19:00,user40@aol.com,96.61.26.46,gas station north,467603,131.37,legit
txn_000311,2026-05-05 04:19:00,user239@outlook.com,199.159.167.23,family owned restaurant,459866,32.23,legit
txn_000312,2026-05-01 17:24:00,user156@aol.com,63.237.188.152,electronics super store,425614,120.18,legit
txn_000313,2026-06-19 17:58:00,user4@protonmail.com,7.119.177.163,downtown pharmacy shop,401257,101.83,legit
txn_000314,2026-05-31 11:51:00,user158@gmail.com,53.121.214.126,grocery store express,418661,3040.45,fraud
txn_000315,2026-05-26 11:17:00,user267@protonmail.com,180.190.234.250,downtown pharmacy shop,411128,368.9,legit
txn_000316,2026-06-22 20:42:00,user202@gmail.com,152.31.222.170,gas station north,431034,57.74,legit
txn_000317,2026-05-27 13:10:00,user202@outlook.com,82.231.139.60,grocery store express,426569,129.43,legit
txn_000318,2026-05-13 09:20:00,user80@gmail.com,43.230.238.81,electronics super store,415825,235.96,legit
txn_000319,2026-06-18 18:44:00,user232@outlook.com,119.135.61.24,gas station north,489922,309.28,legit
txn_000320,2026-05-28 16:34:00,user21@yahoo.com,214.167.75.24,downtown pharmacy shop,432534,280.27,legit
txn_000321,2026-06-02 09:07:00,user154@outlook.com,210.89.15.244,electronics super store,459270,24.34,legit
txn_000322,2026-06-20 14:29:00,user237@gmail.com,206.71.62.4,grocery store express,429135,103.69,legit
txn_000323,2026-05-12 21:33:00,user44@aol.com,151.132.38.6,grocery store express,425919,163.23,legit
txn_000324,2026-06-28 19:10:00,user170@gmail.com,11.236.25.44,family owned restaurant,456774,55.87,legit
txn_000325,2026-06-05 22:53:00,user219@yahoo.com,91.109.95.71,online retail store,458459,156.18,legit
txn_000326,2026-05-14 12:41:00,user126@outlook.com,128.210.245.16,grocery store express,436670,2933.69,fraud
txn_000327,2026-06-04 20:42:00,user270@yahoo.com,162.9.195.201,downtown pharmacy shop,447069,83.79,legit
txn_000328,2026-06-13 15:53:00,user290@aol.com,83.198.138.47,grocery store express,441795,196.45,legit
txn_000329,2026-06-24 08:25:00,user144@gmail.com,208.241.183.197,family owned restaurant,430508,358.83,legit
txn_000330,2026-05-15 12:42:00,user137@aol.com,209.28.112.148,electronics super store,446504,264.46,legit
txn_000331,2026-05-16 19:28:00,user184@aol.com,8.180.72.145,gas station north,464517,239.05,legit
txn_000332,2026-06-19 08:17:00,user47@gmail.com,60.112.10.135,electronics super store,400089,198.72,legit
txn_000333,2026-05-31 04:41:00,user67@outlook.com,184.90.165.16,grocery store express,419360,84.58,legit
txn_000334,2026-06-23 09:28:00,user57@aol.com,221.186.37.96,downtown pharmacy shop,486787,60.95,legit
txn_000335,2026-06-06 00:11:00,user166@yahoo.com,41.223.249.167,online retail store,422833,137.94,legit
txn_000336,2026-06-21 03:39:00,user183@yahoo.com,171.89.193.79,downtown pharmacy shop,490242,371.89,legit
txn_000337,2026-05-27 19:22:00,user294@protonmail.com,218.16.93.155,online retail store,480134,292.89,legit
txn_000338,2026-05-21 02:33:00,user255@yahoo.com,85.39.121.89,online retail store,422005,46.12,legit
txn_000339,2026-06-27 21:46:00,user172@protonmail.com,3.135.107.64,downtown pharmacy shop,408885,40.05,legit
txn_000340,2026-06-01 21:38:00,user1@gmail.com,99.224.214.249,gas station north,454266,47.67,legit
txn_000341,2026-06-14 21:09:00,user193@gmail.com,213.245.115.42,electronics super store,409661,143.74,legit
txn_000342,2026-05-04 00:59:00,user54@gmail.com,88.87.192.42,downtown pharmacy shop,409830,130.89,legit
txn_000343,2026-06-19 19:02:00,user174@aol.com,158.247.15.111,downtown pharmacy shop,421626,391.33,legit
txn_000344,2026-06-25 06:42:00,user52@outlook.com,53.97.209.179,family owned restaurant,494638,67.06,legit
txn_000345,2026-06-19 03:55:00,user122@gmail.com,13.201.251.40,grocery store express,447294,116.2,legit
txn_000346,2026-05-01 08:20:00,user246@yahoo.com,25.13.105.44,downtown pharmacy shop,438248,121.35,legit
txn_000347,2026-05-08 10:59:00,user204@protonmail.com,126.135.46.165,family owned restaurant,450793,50.63,legit
txn_000348,2026-05-17 19:52:00,user96@protonmail.com,12.134.225.120,online retail store,429654,155.67,legit
txn_000349,2026-05-25 10:40:00,user50@gmail.com,172.176.211.249,family owned restaurant,429820,64.7,legit
txn_000350,2026-06-20 09:21:00,user268@protonmail.com,138.243.120.122,online retail store,410348,157.91,legit
txn_000351,2026-06-05 22:27:00,user258@aol.com,133.75.61.244,electronics super store,422659,287.15,legit
txn_000352,2026-05-16 05:10:00,user65@gmail.com,109.40.222.52,downtown pharmacy shop,419382,324.34,legit
txn_000353,2026-06-24 03:54:00,user35@gmail.com,100.203.166.220,online retail store,468116,364.77,legit
txn_000354,2026-06-11 16:51:00,user268@protonmail.com,29.212.76.38,family owned restaurant,477061,9.88,legit
txn_000355,2026-06-23 00:52:00,user55@aol.com,200.51.146.223,family owned restaurant,445071,376.16,legit
txn_000356,2026-06-07 09:36:00,user293@aol.com,122.19.88.71,electronics super store,418855,263.64,legit
txn_000357,2026-06-26 06:34:00,user20@protonmail.com,85.121.25.191,electronics super store,435203,279.0,legit
txn_000358,2026-06-03 21:36:00,user156@outlook.com,72.251.50.249,gas station north,417614,3488.68,fraud
txn_000359,2026-05-28 08:24:00,user165@outlook.com,187.213.45.49,electronics super store,427707,180.03,legit
txn_000360,2026-06-07 01:28:00,user192@gmail.com,132.81.33.80,downtown pharmacy shop,466426,305.0,legit
txn_000361,2026-06-06 17:12:00,user292@gmail.com,45.98.102.215,grocery store express,432701,341.26,legit
txn_000362,2026-05-04 00:14:00,user102@outlook.com,95.237.203.163,grocery store express,489282,367.62,legit
txn_000363,2026-05-03 18:45:00,user229@yahoo.com,223.242.179.89,gas station north,433903,198.07,legit
txn_000364,2026-05-09 05:27:00,user84@aol.com,200.109.113.166,gas station north,488826,157.69,legit
txn_000365,2026-05-19 19:36:00,user11@gmail.com,122.67.88.154,grocery store express,429329,166.76,legit
txn_000366,2026-05-23 23:21:00,user141@protonmail.com,97.178.235.65,gas station north,461171,377.49,legit
txn_000367,2026-05-28 12:02:00,user204@aol.com,27.3.191.144,downtown pharmacy shop,477826,330.6,legit
txn_000368,2026-06-25 10:29:00,user247@gmail.com,87.141.166.221,online retail store,434229,275.34,legit
txn_000369,2026-06-29 17:18:00,user153@yahoo.com,39.123.29.207,family owned restaurant,452965,357.49,legit
txn_000370,2026-05-30 02:08:00,user255@outlook.com,67.214.207.100,downtown pharmacy shop,404629,289.91,legit
txn_000371,2026-06-23 01:38:00,user98@outlook.com,186.113.243.233,downtown pharmacy shop,446988,230.96,legit
txn_000372,2026-06-16 04:14:00,user286@yahoo.com,76.49.241.33,downtown pharmacy shop,433902,72.14,legit
txn_000373,2026-06-20 21:13:00,user172@gmail.com,57.181.114.191,online retail store,455112,77.31,legit
txn_000374,2026-05-31 03:46:00,user238@gmail.com,121.27.36.121,gas station north,465598,236.3,legit
txn_000375,2026-05-11 21:44:00,user153@protonmail.com,14.77.70.52,online retail store,453633,155.76,legit
txn_000376,2026-06-21 19:52:00,user74@outlook.com,221.92.41.125,online retail store,482710,394.73,legit
txn_000377,2026-05-17 02:16:00,user232@outlook.com,54.86.81.126,grocery store express,416961,27.92,legit
txn_000378,2026-06-25 22:21:00,user220@protonmail.com,99.2.19.137,gas station north,495768,174.62,legit
txn_000379,2026-06-03 23:03:00,user272@yahoo.com,5.2.127.58,downtown pharmacy shop,445134,357.34,legit
txn_000380,2026-05-29 09:46:00,user157@yahoo.com,17.23.152.243,online retail store,459759,156.5,legit
txn_000381,2026-06-17 08:35:00,user69@outlook.com,126.183.96.43,electronics super store,402506,138.44,legit
txn_000382,2026-05-21 18:59:00,user109@gmail.com,151.86.63.94,downtown pharmacy shop,485267,394.03,legit
txn_000383,2026-05-04 09:37:00,user274@aol.com,13.24.55.168,grocery store express,406322,257.93,legit
txn_000384,2026-05-11 12:56:00,user281@outlook.com,122.78.105.178,downtown pharmacy shop,482616,155.2,legit
txn_000385,2026-05-01 20:19:00,user267@outlook.com,160.70.214.213,grocery store express,467054,266.36,legit
txn_000386,2026-06-26 05:22:00,user55@protonmail.com,51.102.134.213,family owned restaurant,426433,50.03,legit
txn_000387,2026-06-02 13:53:00,user21@aol.com,128.106.246.85,gas station north,400358,121.66,legit
txn_000388,2026-05-02 03:51:00,user294@protonmail.com,39.46.38.186,downtown pharmacy shop,413276,363.22,legit
txn_000389,2026-05-24 07:00:00,user152@outlook.com,119.25.51.209,gas station north,405170,185.42,legit
txn_000390,2026-05-27 10:45:00,user219@gmail.com,25.23.4.219,gas station north,486947,272.32,legit
txn_000391,2026-06-28 21:49:00,user225@aol.com,69.47.190.209,online retail store,423969,146.22,legit
txn_000392,2026-05-11 08:40:00,user140@protonmail.com,177.244.215.167,gas station north,414818,385.11,legit
txn_000393,2026-05-13 01:28:00,user82@gmail.com,107.247.224.47,family owned restaurant,449774,28.17,legit
txn_000394,2026-06-02 15:22:00,user67@protonmail.com,125.57.210.113,grocery store express,408301,345.72,legit
txn_000395,2026-05-24 19:30:00,user269@aol.com,186.114.173.133,family owned restaurant,490209,9.88,legit
txn_000396,2026-06-26 06:33:00,user128@protonmail.com,89.197.76.215,family owned restaurant,480335,266.38,legit
txn_000397,2026-05-05 23:12:00,user259@protonmail.com,219.253.84.20,electronics super store,442026,3816.24,fraud
txn_000398,2026-05-22 22:14:00,user260@yahoo.com,141.193.206.210,gas station north,410332,114.87,legit
txn_000399,2026-06-11 18:54:00,user46@protonmail.com,115.161.60.252,electronics super store,497679,231.35,legit
txn_000400,2026-06-29 11:18:00,user19@aol.com,141.0.46.203,family owned restaurant,481142,2329.63,fraud
txn_000401,2026-06-28 00:43:00,user106@protonmail.com,88.186.27.210,gas station north,459566,205.79,legit
txn_000402,2026-05-31 05:12:00,user243@outlook.com,184.231.58.25,downtown pharmacy shop,429064,249.8,legit
txn_000403,2026-05-01 04:47:00,user150@aol.com,134.191.54.12,gas station north,464542,332.8,legit
txn_000404,2026-05-13 18:48:00,user210@gmail.com,66.100.96.31,electronics super store,428257,298.29,legit
txn_000405,2026-06-11 14:25:00,user174@gmail.com,194.212.23.238,downtown pharmacy shop,488098,80.28,legit
txn_000406,2026-06-23 14:16:00,user235@aol.com,130.68.255.2,family owned restaurant,496497,357.24,legit
txn_000407,2026-05-05 10:06:00,user300@protonmail.com,131.90.88.188,gas station north,413573,175.96,legit
txn_000408,2026-06-05 06:18:00,user165@aol.com,99.214.127.71,electronics super store,444939,244.43,legit
txn_000409,2026-05-27 18:37:00,user212@aol.com,180.153.160.183,downtown pharmacy shop,472559,57.68,legit
txn_000410,2026-06-27 13:53:00,user149@outlook.com,173.67.91.129,family owned restaurant,491004,87.84,legit
txn_000411,2026-06-27 23:16:00,user181@aol.com,123.213.146.225,electronics super store,401673,50.59,legit
txn_000412,2026-06-17 13:55:00,user28@gmail.com,52.136.82.252,online retail store,489573,155.44,legit
txn_000413,2026-05-23 19:21:00,user152@yahoo.com,193.16.183.209,electronics super store,413432,29.5,legit
txn_000414,2026-06-26 01:54:00,user115@aol.com,100.121.147.178,downtown pharmacy shop,406157,297.1,legit
txn_000415,2026-06-04 17:34:00,user161@aol.com,14.6.128.52,family owned restaurant,458073,382.9,legit
txn_000416,2026-05-21 12:43:00,user189@aol.com,140.100.99.76,electronics super store,423255,283.33,legit
txn_000417,2026-05-07 18:40:00,user264@gmail.com,97.20.219.72,family owned restaurant,434634,73.65,legit
txn_000418,2026-05-12 20:08:00,user3@outlook.com,120.79.20.40,online retail store,478234,339.18,legit
txn_000419,2026-05-05 15:05:00,user155@protonmail.com,203.183.37.201,downtown pharmacy shop,441662,252.02,legit
txn_000420,2026-06-17 19:44:00,user35@aol.com,41.212.206.24,online retail store,428992,77.63,legit
txn_000421,2026-05-20 10:04:00,user151@yahoo.com,193.243.4.30,downtown pharmacy shop,445351,135.77,legit
txn_000422,2026-06-10 13:34:00,user125@gmail.com,175.164.195.235,grocery store express,450577,258.69,legit
txn_000423,2026-05-24 08:31:00,user265@outlook.com,132.228.249.12,online retail store,485397,116.72,legit
txn_000424,2026-05-18 12:32:00,user50@yahoo.com,198.3.33.54,downtown pharmacy shop,482511,37.53,legit
txn_000425,2026-05-20 09:41:00,user54@yahoo.com,138.222.36.192,downtown pharmacy shop,420152,172.56,legit
txn_000426,2026-05-03 03:53:00,user45@gmail.com,14.91.128.143,grocery store express,475361,136.03,legit
txn_000427,2026-05-21 17:17:00,user231@protonmail.com,111.161.8.100,downtown pharmacy shop,415506,166.01,legit
txn_000428,2026-06-18 16:21:00,user33@aol.com,12.37.183.238,family owned restaurant,413911,3216.8,fraud
txn_000429,2026-05-27 09:09:00,user45@outlook.com,196.224.195.102,downtown pharmacy shop,404039,124.03,legit
txn_000430,2026-06-13 03:26:00,user201@aol.com,76.73.152.174,downtown pharmacy shop,484926,91.85,legit
txn_000431,2026-06-03 23:06:00,user285@yahoo.com,32.21.2.147,family owned restaurant,451653,9.4,legit
txn_000432,2026-06-18 21:25:00,user108@outlook.com,55.211.72.42,gas station north,428939,38.63,legit
txn_000433,2026-06-26 03:36:00,user93@aol.com,219.27.236.166,family owned restaurant,409587,81.76,legit
txn_000434,2026-05-27 10:56:00,user102@aol.com,125.169.182.33,downtown pharmacy shop,485914,104.02,legit
txn_000435,2026-05-22 08:20:00,user100@outlook.com,125.230.168.158,downtown pharmacy shop,440065,249.71,legit
txn_000436,2026-06-23 04:08:00,user162@protonmail.com,44.2.160.64,gas station north,493349,228.91,legit
txn_000437,2026-06-28 07:55:00,user69@outlook.com,123.236.228.92,online retail store,463828,336.84,legit
txn_000438,2026-06-20 05:08:00,user42@outlook.com,220.71.100.68,downtown pharmacy shop,482132,259.99,legit
txn_000439,2026-05-07 23:02:00,user260@gmail.com,209.207.108.233,grocery store express,472298,357.38,legit
txn_000440,2026-05-24 17:19:00,user242@yahoo.com,94.200.114.229,family owned restaurant,496105,399.5,legit
txn_000441,2026-05-27 11:41:00,user47@protonmail.com,94.5.122.218,family owned restaurant,489674,202.94,legit
txn_000442,2026-05-16 02:17:00,user82@yahoo.com,145.74.247.241,online retail store,405297,60.45,legit
txn_000443,2026-05-20 22:01:00,user136@outlook.com,60.21.105.133,online retail store,450868,96.54,legit
txn_000444,2026-06-12 18:01:00,user21@outlook.com,27.140.134.149,family owned restaurant,474732,353.21,legit
txn_000445,2026-05-16 19:46:00,user40@aol.com,65.192.114.133,electronics super store,446255,154.51,legit
txn_000446,2026-06-01 09:44:00,user4@aol.com,36.225.84.59,grocery store express,467441,195.43,legit
txn_000447,2026-06-28 13:41:00,user81@outlook.com,155.60.117.107,online retail store,494405,64.34,legit
txn_000448,2026-05-11 07:35:00,user108@aol.com,42.210.11.63,grocery store express,416762,194.13,legit
txn_000449,2026-06-22 04:48:00,user263@gmail.com,147.75.28.43,online retail store,423597,58.22,legit
txn_000450,2026-06-17 00:37:00,user289@gmail.com,185.145.43.56,electronics super store,479498,241.75,legit
txn_000451,2026-06-12 21:49:00,user211@aol.com,37.93.135.43,downtown pharmacy shop,489861,72.37,legit
txn_000452,2026-06-01 04:34:00,user36@yahoo.com,97.197.67.28,grocery store express,426522,240.63,legit
txn_000453,2026-06-17 13:52:00,user215@yahoo.com,156.49.90.122,family owned restaurant,478618,204.22,legit
txn_000454,2026-05-04 13:16:00,user61@gmail.com,124.66.0.230,downtown pharmacy shop,485096,214.91,legit
txn_000455,2026-06-09 06:37:00,user23@aol.com,110.117.246.203,electronics super store,445943,151.3,legit
txn_000456,2026-06-23 14:47:00,user295@gmail.com,109.68.130.123,gas station north,410986,363.6,legit
txn_000457,2026-05-26 18:48:00,user132@yahoo.com,2.3.60.134,grocery store express,449155,219.77,legit
txn_000458,2026-06-29 13:52:00,user210@outlook.com,28.79.218.167,family owned restaurant,433244,322.69,legit
txn_000459,2026-05-24 18:49:00,user188@aol.com,71.203.104.106,family owned restaurant,473080,172.31,legit
txn_000460,2026-06-13 21:58:00,user248@outlook.com,79.176.203.189,gas station north,486413,225.84,legit
txn_000461,2026-05-11 20:08:00,user83@gmail.com,55.205.173.206,family owned restaurant,480481,181.4,legit
txn_000462,2026-05-05 17:42:00,user3@gmail.com,211.74.241.238,family owned restaurant,457065,386.01,legit
txn_000463,2026-05-09 00:32:00,user41@aol.com,10.196.205.158,downtown pharmacy shop,468289,92.6,legit
txn_000464,2026-05-27 01:48:00,user90@protonmail.com,113.5.103.218,downtown pharmacy shop,467915,241.0,legit
txn_000465,2026-05-27 00:47:00,user262@aol.com,179.118.86.173,grocery store express,447151,314.66,legit
txn_000466,2026-05-22 18:39:00,user45@outlook.com,200.204.180.172,electronics super store,453143,390.38,legit
txn_000467,2026-06-23 08:18:00,user36@gmail.com,141.145.178.89,online retail store,429661,11.07,legit
txn_000468,2026-06-25 04:37:00,user207@aol.com,2.133.89.105,family owned restaurant,413954,184.63,legit
txn_000469,2026-06-20 20:20:00,user60@aol.com,66.128.226.248,electronics super store,473815,121.23,legit
txn_000470,2026-06-14 00:30:00,user235@protonmail.com,151.14.246.30,online retail store,408854,304.2,legit
txn_000471,2026-06-04 19:57:00,user118@outlook.com,106.180.4.180,online retail store,432539,397.71,legit
txn_000472,2026-05-27 03:35:00,user176@gmail.com,142.91.243.81,online retail store,428647,271.11,legit
txn_000473,2026-06-22 05:17:00,user98@protonmail.com,189.102.120.189,gas station north,434787,379.11,legit
txn_000474,2026-05-19 19:42:00,user183@yahoo.com,200.54.61.236,grocery store express,488580,334.8,legit
txn_000475,2026-06-14 20:14:00,user278@gmail.com,218.246.190.159,online retail store,464532,306.88,legit
txn_000476,2026-06-22 07:03:00,user262@outlook.com,102.113.65.14,family owned restaurant,455466,198.87,legit
txn_000477,2026-06-13 12:54:00,user178@protonmail.com,221.89.234.250,grocery store express,491520,17.86,legit
txn_000478,2026-06-17 04:02:00,user7@yahoo.com,98.51.166.93,family owned restaurant,434039,277.24,legit
txn_000479,2026-05-18 00:50:00,user242@aol.com,88.187.94.128,electronics super store,427594,98.67,legit
